requirement_id,domain,requirement,classification,authoritative_evidence,next_action,owner
GOV-001,governance,AGENTS policy is authoritative,proven,AGENTS.md and baseline command evidence,Keep enforced,WS-01
GOV-002,governance,Persistent current state and ledgers,proven,program artifacts parse and validator passes,Maintain at every increment,WS-02
GOV-003,governance,Global requirement traceability,proven,78 unique requirements and all domains pass executable validation,Expand when new requirements appear,WS-02
GOV-004,governance,Producer critic fixer verifier separation,weak_evidence,Role-separated process declared but same model executes,Record explicit reviews and require human release review,WS-10
GOV-005,governance,No unsupported production claims,proven,README/audit reconciled and validator bans stale claims,Continue claim review per slice,WS-12
PROD-001,product,Critical brief to governed package journey,proven,a89907f; src/components/WorkspaceRuntime.tsx; integrated local SPA/session/provider/run smoke; non-root package smoke,Preserve focused regression and add real provider gateway separately,WS-04
PROD-002,product,External publication and spend disabled,proven,health API tool adapters and package assertions,Keep fail closed,WS-08
PROD-003,product,Loading empty partial degraded and failure states,proven,"8eb0cf7dee9b3400351a8b7d603a94666253f1e7; pending/unknown/succeeded/replayed publication states, destructive confirmation, receipt display and Instagram missing-media gate have API, frontend and Chromium contracts",Validate authorized sandbox provider-specific error states only after explicit approval,WS-05
PROD-004,product,No critical placeholders or misleading mocks,proven,8eb0cf7dee9b3400351a8b7d603a94666253f1e7; publication UI derives account/artifact/Greenlight readiness from server state; browser and package fixtures are test-only and real provider HTTP remains zero,Preserve default-disabled disclosure and avoid representing sandbox evidence as production publication,WS-05
PROD-005,product,Target users and jobs documented,incomplete,Goal and current program docs,Add user journeys and acceptance evidence,WS-02
ENG-001,engineering,Architecture reviewed and current,weak_evidence,program/architecture.md plus branch comparison,Independent architecture review,WS-01
ENG-002,engineering,Schemas and migrations reviewed,weak_evidence,SQLite schema PostgreSQL schema migration gate,Add formal schema compatibility audit,WS-03
ENG-003,engineering,Versioned API contracts,incomplete,/api/v1 and FastAPI metadata,Add checked OpenAPI and structured error contract,WS-04
ENG-004,engineering,Data correctness and transactions,weak_evidence,SQLite/PostgreSQL tests and transactional audit,Expand invariants and restore verification,WS-03
ENG-005,engineering,Durable command idempotency,proven,bc01fa7b54341865f848c0754884cc83f660a0c7; GitHub Actions 29871278876; backend/tests/test_idempotency.py; backend/tests/test_postgres_runtime.py,Preserve regression and require separate outbound provider receipts before external effects,WS-04
ENG-006,engineering,Concurrency correctness,weak_evidence,PostgreSQL Greenlight/rate-limit concurrency tests,Add duplicate run/idempotency races and load evidence,WS-04
ENG-007,engineering,Application and data rollback,missing,Only narrative migration rollback exists,Implement rollback drill and runbook,WS-09
ENG-008,engineering,Reproducible builds and tests,proven,hash locks wheel gates npm lock CI,Preserve,WS-12
ENG-009,engineering,Version consistency across artifacts,proven,npm Python API metrics OCI and Helm all report 0.7.0,Bump through shared version contract,WS-12
DATA-001,data,SQLite durable single-replica state,proven,persistence tests and package smoke,Add backup/restore,WS-03
DATA-002,data,PostgreSQL shared tenant state,proven,PostgreSQL tests migration and CI,Add backup/restore/capacity evidence,WS-03
DATA-003,data,SQLite to PostgreSQL migration,proven,verify-postgresql-runtime migration dry-run/apply/replay checks,Add cutover drill documentation,WS-03
DATA-004,data,Backup encryption and retention,missing,Local checksummed backups and restores pass but encryption scheduling immutability retention and KMS are absent,Implement authorized environment controls,WS-03
SEC-001,security,Server-side authentication,proven,auth.py bearer/session tests,Threat review,WS-07
SEC-002,security,Server-side RBAC authorization,proven,viewer operator approver admin tests,Review audit visibility,WS-07
SEC-003,security,Tenant binding and cross-tenant denial,proven,tenant-scoped keys and negative tests,Add metadata leakage red team,WS-07
SEC-004,security,Threat model for selected architecture,proven,docs/security/threat-model.md covers selected runtime assets trust boundaries STRIDE evidence and residual gates,Re-run on every trust-boundary change,WS-07
SEC-005,security,Privacy model and data classification,proven,docs/privacy/privacy-model.md and data-classification-retention.md map data purpose minimization telemetry backups and uncertainty,Obtain human policy approval and implement retention/deletion separately,WS-07
SEC-006,security,Secret handling and no frontend secrets,proven,"e3bca9c95a3080e1e7677454996d9ad56469b4f4; AES-GCM token storage, AAD, key rotation, no browser token fields, Gitleaks zero and package secret assertions",Use KMS-backed keys and formal rotation before production,WS-07
SEC-007,security,Audit ledger and denial evidence,proven,8eb0cf7dee9b3400351a8b7d603a94666253f1e7; deterministic token-free publication success/reconciliation/revocation audit events are idempotent and replay repairs a missing success event without a second effect,Production immutable audit export remains under global operability work,WS-07
SEC-008,security,Dependency vulnerability and license review,proven,SBOM Grype license policy provenance Cosign gates,Monitor expiry,WS-11
SEC-009,security,Zero open CRITICAL/HIGH findings,contradicted,Six HIGH global release findings remain open or externally blocked; zero CRITICAL findings are open,Close executable findings and preserve exact external blockers,WS-10
SEC-010,security,Uniform errors and metadata leakage prevention,proven,public-error.v1 hides auth state role permission foreign IDs conflicts input and internal exception messages,Preserve regression and verify proxy/platform telemetry,WS-07
SEC-011,security,Rate limiting and abuse controls,proven,Durable credential/source buckets and tests,Add distributed edge strategy,WS-07
SEC-012,security,Revocation behavior,proven,8eb0cf7dee9b3400351a8b7d603a94666253f1e7; disconnect and Greenlight revocation revoke unused pending publication authority while succeeded/unknown records remain durable,Exercise revocation against authorized sandbox accounts only after human approval,WS-04
UX-001,ux,Documented design system,proven,8ecf77e7f58789d1e5b47826b595b172bac6fa89; docs/design-system/accessibility-themes.md; executable semantic token catalog,Preserve design-system/theme contract,WS-06
UX-002,ux,Four political themes plus paid premium theme,proven,f63a58648eec0579d53a007c8ed83ff376b95727; 8ecf77e7f58789d1e5b47826b595b172bac6fa89; four free named themes plus exact server-owned theme:premium entitlement,Add billing only through a separate reviewed provider contract,WS-06
UX-003,ux,Responsive behavior,weak_evidence,a89907f; real Chromium 320 CSS px no-overflow evidence for mission workspace and Settings; responsive CSS,Human mobile/tablet/desktop visual review,WS-06
UX-004,ux,Keyboard and focus,weak_evidence,"a89907f; skip-link focus, modal focus trap, Escape close, focus restoration and keyboard theme activation tests",Complete human keyboard traversal,WS-06
UX-005,ux,Screen-reader semantics,weak_evidence,"a89907f; Chromium accessibility tree proves Settings dialog, theme names, pressed and disabled semantics",Complete human screen-reader review,WS-06
UX-006,ux,Contrast and non-color-only status,weak_evidence,8ecf77e7f58789d1e5b47826b595b172bac6fa89; executable WCAG contrast ratios and text/aria selected-state contract,Measure rendered controls and review screenshots,WS-06
UX-007,ux,Zoom and reflow,weak_evidence,a89907f; real Chromium 320 CSS px reflow for primary workspace and progressive dialogs PASS,Human 400 percent zoom and representative viewport review,WS-06
UX-008,ux,Reduced motion,weak_evidence,a89907f; real Chromium reduced-motion emulation and zero View Transition calls PASS,Human reduced-motion visual review,WS-06
UX-009,ux,No keyboard traps,weak_evidence,a89907f; useModalDialog bidirectional Tab trap tests plus Chromium Escape/focus restoration PASS,Complete human full-page trap traversal,WS-06
OPS-001,operations,Environment strategy development test staging production,incomplete,Helm/Terraform local path and no authorized cloud target,Define target strategy,WS-09
OPS-002,operations,Structured logs metrics health readiness,proven,observability.py endpoints tests,Observe in staging,WS-09
OPS-003,operations,Distributed tracing or explicit decision,proven,6a885827b7e89d06111c87c34293250eab196d47; docs/adr/0009-distributed-tracing-decision.md,Revisit before any multi-service/effectful architecture and prove traces in staging,WS-09
OPS-004,operations,Alert definitions,proven,6a885827b7e89d06111c87c34293250eab196d47; ops/alert-catalog.json; infra/monitoring/prometheus-rules.yaml; scripts/verify-operability.py,Load the validated rules into an authorized persistent monitoring system,WS-09
OPS-005,operations,Alert exercised,weak_evidence,6a885827b7e89d06111c87c34293250eab196d47; ops/alert-exercises.json; backend/tests/test_operability.py,Exercise alert delivery and human response in authorized staging,WS-09
OPS-006,operations,SLOs and error budgets,proven,6a885827b7e89d06111c87c34293250eab196d47; ops/slo-catalog.json; scripts/verify-operability.py,Observe SLI/error-budget consumption in staging before release,WS-09
OPS-007,operations,Backup implementation,incomplete,6a885827b7e89d06111c87c34293250eab196d47; private atomic freshness textfiles and local restore drills,"Provide authorized scheduler, KMS/encryption, immutable off-host storage, retention and alert delivery",WS-03
OPS-008,operations,Restore drill,proven,representative SQLite/PostgreSQL restores preserve counts/schema and application readability,Repeat in authorized staging,WS-03
OPS-009,operations,Deployment runbook,weak_evidence,6a885827b7e89d06111c87c34293250eab196d47; docs/OPERATIONS.md and existing deployment procedures,Complete authorized environment-specific deployment procedure and staging execution,WS-09
OPS-010,operations,Rollback runbook and drill,weak_evidence,6a885827b7e89d06111c87c34293250eab196d47; docs/runbooks/release-rollback.md; local agentless Helm rollback drill,Exercise workload/traffic rollback and RTO in authorized staging,WS-09
OPS-011,operations,Incident response,weak_evidence,6a885827b7e89d06111c87c34293250eab196d47; docs/runbooks/incident-response.md,Execute a human incident drill with real alert delivery in authorized staging,WS-09
OPS-012,operations,Capacity assumptions,weak_evidence,6a885827b7e89d06111c87c34293250eab196d47; docs/CAPACITY_ASSUMPTIONS.md,"Run load, soak, pool saturation and failover tests in staging",WS-09
OPS-013,operations,Staging workload verification,missing,No authorized staging or pod execution,External blocker plus independent local work,WS-09
DLV-001,delivery,Frontend deterministic gates,proven,lint 33 tests build in session,Preserve,WS-10
DLV-002,delivery,Backend locked wheel gates,proven,baseline CI eight jobs success,Re-run after changes,WS-10
DLV-003,delivery,Container Helm Terraform supply-chain gates,proven,Baseline PR #3 checks success with documented scope,Re-run after changes,WS-09
DLV-004,delivery,Local and remote SHA verified,proven,b9e88fe local equals remote at baseline,Repeat after push,WS-12
DLV-005,delivery,Draft PR reviewable,weak_evidence,PR #3 open draft with green baseline,Update body and exact evidence,WS-12
DLV-006,delivery,Merge and production separated as human gates,proven,AGENTS and program release plan,Preserve,WS-12
DLV-007,delivery,Release notes and upgrade path,incomplete,No release and partial migration docs,Create when candidate is ready,WS-12
EVAL-001,testing,Unit integration API and migration tests,proven,Frontend backend PostgreSQL migration CI,Expand missing behaviors,WS-10
EVAL-002,testing,Functional journey and failure evals,incomplete,Core journey and some denials exist,Add retry cancel conflict backup rollback,WS-10
EVAL-003,testing,Semantic groundedness and citation fidelity,missing,No semantic eval harness,Implement,WS-10
EVAL-004,testing,Prompt injection and adversarial evals,missing,Input/tenant abuse tests exist but prompt-injection harmful-use and legal-overclaim semantic catalog is incomplete,Implement INC-010,WS-10
EVAL-005,testing,Independent exact-commit verification,missing,No distinct final verifier for new tree,Require before release,WS-10
LEGAL-001,legal,License policy and third-party inventory,proven,"1843aa93c7675c6f5f10254ee3b7cffc020f9fd5; compliance/third-party-inventory.json; docs/compliance/third-party-notices.md; exact direct licenses/versions, base digests, Action SHAs and video-use MIT review; OCI SBOM/license policy",Preserve exact inventory and require counsel/provider review before distribution or activation,WS-11
LEGAL-002,legal,Privacy review with jurisdiction and retention,contradicted,"1843aa93c7675c6f5f10254ee3b7cffc020f9fd5; compliance/privacy-decision-register.json proves operating entity, jurisdiction, controller/processor role and provider terms UNKNOWN; seven retention/deletion/legal-hold policies unapproved","Accountable privacy/legal, security and business reviewers approve exact policy source/version/date, then implement and independently verify",WS-11
LEGAL-003,legal,No legal overclaim,weak_evidence,"1843aa93c7675c6f5f10254ee3b7cffc020f9fd5; ten-surface static claims policy, required sandbox disclosures and 9 negative compliance tests PASS; unqualified autonomous/live copy removed","Complete semantic prompt-injection, groundedness, citation, harmful-use and legal-overclaim evals under INC-010 plus accountable human review",WS-11
INT-001,integrations,External integrations disabled by default,proven,"8eb0cf7dee9b3400351a8b7d603a94666253f1e7; AGENCY_SOCIAL_PUBLICATION_ENABLED defaults false in app, Helm, Terraform and package; active_external_providers=0 and registry_publication=false","Require explicit sandbox authorization, provider terms/privacy review and deployment approval before enabling",WS-08
INT-002,integrations,Versioned external adapter contracts,proven,8eb0cf7dee9b3400351a8b7d603a94666253f1e7; bounded X POST /2/tweets and Instagram /media then /media_publish adapters execute only behind durable intent/fence/receipt authority with MockTransport and socket-guard evidence,Run one explicitly authorized sandbox post per channel and reconcile exact receipts,WS-08
INT-003,integrations,browser-use video-use evaluation,proven,Exact browser-use/video-use 92c2b34e44c205cbc2acae7f6ca7c1c219d5dd66; 33 SHA-256 hashes; docs/integrations/video-use-review.md; 61da89cd5bcc36fc5d99b97dd429d73fbb331959,Re-review a patched exact commit and close all activation requirements before any execution,WS-08
SUP-001,supply_chain,Digest-pinned bases and SHA-pinned actions,proven,Dockerfile workflow and supply-chain evidence,Preserve,WS-11
SUP-002,supply_chain,SBOM vulnerability provenance signature verification,proven,verify-supply-chain gate,Re-run on exact tree,WS-11
SUP-003,supply_chain,Expiring vulnerability exceptions managed,weak_evidence,Five HIGH exceptions expire 2026-08-21,Create expiry task and remove before deadline,WS-11
SEC-013,security,PostgreSQL production runtime uses a non-owner least-privilege role separated from schema migration authority,weak_evidence,1002d077564618623fe00f27ffae23c2b410aca8; GitHub Actions 29868899218; scripts/verify-postgresql-runtime.sh; program/reports/inc-012-progress.md,Observe the same non-owner boundary in an authorized persistent staging environment before production,WS-07
